Description	Sales
Banana Organic	206831.94
ChickenBreastBoneless/Skinless	177593.059999999
Wedge Cookie	139893.91
BROCCOLI Organic	132896.35
O.Large Eggs 12ct Larry	110979.73
AVOCADO Hass Organic	104715.2
O.Strawberries 16oz pkg	99495.5600000009
EGGS Bulk Each	83473.5900000001
Cucumbers Organic	80444.4500000001
Grass-Fed Ground Beef	80396.3299999999
Pepper Bell Red Organic	80306.5200000002
Whole Chicken	78575.5699999999
Grapes Red Organic	73139.02
AVOCADO Hass Big O.	71697.27
Yam Organic	70789.41
Cauliflower Non-Local Organic	70674.89
85% Lean Ground Beef	65028.5100000002
CITRUS Lemon Organic	62569.0500000001
Asparagus Organic	61773.5099999999
TOMATOES Living Waters Hydro	61572.45
Spinach Bulk Organic	60719.16
NUTS Walnuts Halves&Pieces Org	60587.85
Sockeye Salmon	60168.1599999999
NUT BUTTER Almond	57322.35
PACKAGED GROCERY	55758.59
CELERY Organic	52952.84
Salad Mix Organic	48191.59
Squash Zucchini Green Organic	48064.96
Grass-Fed Ribeye Steak	47548.59
Cilantro Bunch Organic	46750.3599999999
Brussels Sprouts Organic	45518.7699999999
Kale Dinosaur Organic	44966.0400000003
CITRUS Grapefruit Ruby/Rio O.	44408.57
TOMATOES Slicer Organic	42232.3
Wedge Scone	42058.59
Salmon Atlantic Fillet	40839.8100000001
APPLES Pink Lady Organic	38841.64
Wedge Muffin	38614.9200000001
Nerka Coho Salmon Fillet	38553.4100000001
POTATOES Yellow/Yukon/White O.	38543.44
Turkey Focaccia w/Pesto Mayo	38230.38
NUTS Walnut Pieces Raw	37729.2499999999
Kale Green Organic	36839.4000000003
ONIONS Yellow/Sweet/Vidalia O.	35821.3
APPLES Gala Organic	35620.33
Sweet Potato Organic	34946.03
Ground Turkey Thigh	34848.71
Mushroom Crimini Organic	34477.44
Ginger Root Organic	34166.63
O.Jumbo Eggs 12ct Larry	33493.4700000004
90% Lean Ground Beef	33478.9200000002
NUTS Almonds Whole	33314.65
Boneless Chicken Thighs TrayPk	32534.6800000001
GARLIC Non-Local Organic	32157.6299999999
NUTS Cashews Whole Raw Organic	32075.0900000001
Alaskan Cod	31944.27
Watermelon Cut/Whole O.	31904.61
Tilapia	31809.8100000001
St.Paul Bagels (Bagged)	31141.2700000006
Split Chicken Breasts Bone-In	30999.15
Peach Yellow Organic	30692.58
Pepper Bell Green Organic	30680.93
Large Eggs 12ct LoLa	30322.0199999996
MEAT	29919.6900000001
O.Unsalted Butter 16oz OV 	29693.7200000003
Plain Smoked Salmon	29451.09
Nectarine Yellow Organic	29175.93
Carrots Bulk Organic	29115.92
Beets Loose Organic	28941.3299999999
ONIONS Red Organic	28899.15
Chicken Wings	28700.14
O.Gingerade Kombucha 16oz GTs	28583.3499999997
Ground Bison	28344.7600000001
Extra Large Eggs 12ct LoLa	27900.0500000001
ORANGES Navel Organic	27777.84
Garlic Basil Chicken	27646.72
NUTS Almonds Raw Tuano Organic	27440.8700000001
SWEETENER Honey Raw/Ames Farm	27324.35
Grapes Green Organic	27208.45
O.Yel.Tortilla Chips 16oz WGM	27032.2500000001
NUTS Cashews DryRstd.Salted O.	26717.1400000001
TOMATOES Heirloom/Beefsteak TK	26561.2
Bacon Thick-Sliced	26545.51
APPLES Granny Smith Organic	26484.34
COFFEE French Roast O./EE	26414.23
Chicken Thighs	26212.45
O.EV Olive Oil 25.4oz Napa	26198.4900000003
O.Trilogy Kombucha 16oz GTs	25685.4799999997
Pork Roast Shoulder Bone-In	25416.28
Chicken Legs	24841.14
Chuck Roast	24826.07
POTATOES Russet Organic	24802.24
POTATOES Red Organic	24556.41
Eggs Bulk Dozen	24529.8000000003
CITRUS Lemon	24295.96
O.Blueberries pint	24062.62
Brown Sugar Smoked Salmon	24008.31
ONIONS Yellow/Candy Sweet O.	23882.52
NUT BUTTER Peanut Organic	23684.21
O.SkinlessBonelessChick.Breast	23435.33
O.Raisins Thompson Organic	23146.31
O.GingerberryKombucha 16oz GTs	23105.8699999999
Lettuce Red Leaf Organic	23039.4100000002
APPLES Fuji Organic	22958.18
CITRUS Lime Organic	22629.82
NUTS Pecan Halves Raw Organic	22431.99
Pasture Pride Sharp Cheddar	22429.81
Leeks Organic	22306.74
O.Salted Butter 16oz OV 	22291.7500000001
Water Gallon Bulk	22266.27
Radish Greentop Organic	22261.4800000004
Beans Green Organic	22052.6499999999
NUTS Almonds Organic	22052.37
O.Raspberries 6oz pkg	21542.8199999999
3# Bag O.Gala Apples	21531.5200000001
Parsley Italian Organic	21344.21
Mushroom White Button Organic	21263.9099999999
O.Whole Milk 64oz OV	21261.6599999998
TOMATOES Roma Organic	21257.2
Scallions/Green Onions Organic	21256.03
Cherries Red Organic	21186.45
Ultimate Omega 180ct Nordic	20939.5
Fresh Ground Lamb	20918.73
Uncured Thick Bacon 16oz Beel	20836.3599999999
Salted Butter 16oz Hope	20775.3300000002
NUTS Cashews Whole Rstd.Salted	20676.4
Cabbage Green Organic	20491.4
SWEETENER Maple Syrup B	20276.31
APPLES Honeycrisp Local IPM	20219.45
Plain Greek Yogurt 24oz Gods	20047.2399999999
Whole Kadejan Turkey	19956.73
Sirloin Tip Steak	19925.29
Organic 2% Milk 64oz OV	19917.6499999999
Multigrain Bread 26oz Wedge	19841.2199999998
Lettuce Green Leaf Organic	19831.6700000001
NUTS Mixed Deluxe Roasted	19801.18
Peach Colorado Organic	19792.78
Ground Turkey Breast	19697.25
O.Mediterranean Olive Oil 1L S	19669.18
Orig.Unswt.Alm.Breeze 64oz BD	19627.7699999999
Nerka King Salmon 	19583.15
Mushroom Shiitake Organic	19449.56
APPLES Braeburn Organic	19404.29
TRAIL MIX High Antioxidant Org	19391.7
Bouquet--Handmade at the Wedge	18955.4899999999
Garlic Lovers Pasta	18952.59
O.Coconut Milk 13.5oz NF	18913.88
Honey Greek Yogurt 24oz Gods	18897.4999999999
Cello Shredded Parmesan	18824.69
2# Bag O.Carrots	18763.7400000003
O.River Root Micro Greens pkg	18616.5899999999
PEARS dAnjou Green Organic	18598.37
Chicken Breast for Stir-Fry	18593.03
Pork Sweet Italian Sausage	18507.9999999999
O.Baby Spinach bagged	18322.4999999998
Corn Organic	18318.31
NUTS Mixed Roasted No Salt	18298.41
Organic Half & Half 32oz OV	18263.5200000002
O.Whole Milk gallon OV	18121.9599999999
Raw Honey 47oz HA	18114.0299999999
ORANGES Blood Organic	17966.59
NUTS Pecans Halves Raw	17947.91
Eggs Amish Soy-Free Dozen	17902.6099999999
Unbleach.Bath Tissue 12pk 7thG	17848.5399999999
O.Heavy Whip Cream 16oz OV	17834.9300000003
Cajun Chicken	17728.65
White Bath Tissue 12pk 7thG	17577.9300000002
Pork Breakfast Links	17551.12
SEEDS Pumpkin Raw Organic	17301.07
GEN MERCH	17276.8700000002
Stuffed Grape Leaves	17265.08
NUTS Pistachios Rstd.Salt.Org.	17253.46
Rochdale Plain String Cheese	17245.73
SmokedTurkeyProvolone Sandwich	17189.13
Unsalted Butter 16oz Sch	17122.79
Boneless Quarter Ham	17063.23
Shallots Organic	17027.08
SNACK Chocolate Almonds Dark	16979.65
NUTS Almonds Roasted Salted	16826.05
Cabbage Red Organic	16701.14
Pork Bratwurst	16536.98
O.Whole Romaine Hearts 3ct Tay	16379.7799999997
Mango Organic	16314.6699999999
CEREAL Granola Wedge Deli GF	16283.36
Lettuce Romaine Organic	16220.2000000001
Tuna & Peas Pasta Salad	16203.68
ORANGES Mandarin Murcott O.	16130.6
NUT BUTTER Peanut Smooth	16117.93
O.EV Olive Oil 25.4oz Spec	16059.1899999999
NUTS Almonds Roasted No Salt	15876.59
Plum Organic	15765.31
Melon Cantaloupe O.	15711.57
Basil Fresh 	15692.39
GRAIN Quinoa Organic	15540.3
Raspberries 6oz pkg	15472.5299999997
Bone-in Chicken Thighs TrayPk	15404.33
LIQUIDS OliveOil XtraVirgin O.	15383.23
Wild Blueberries 48oz Wyman	15361.0199999998
Catfish	15270.91
Squash Winter/PiePump.Local O.	15193.2
Kiwi Organic	15174.04
Collard Greens Organic	15100.9800000001
ONIONS Yellow/Candy O.	15055.26
NUTS Cashews Whole Roasted NS	15023.83
Boneless Ribeye Steak	15004.5
O.Half & Half 16oz OV	14961.4299999997
Rochdale Whole Milk Mozzarella	14944.59
Toasted Garbanzo Salad	14933.57
Mild Cheddar rBST-Free	14903.47
O.WholeKernel CoconutOil 30oz	14831.0199999999
REF GROCERY	14823.64
Large Boughatsa	14778.5200000001
Bone-In Turkey Breast	14772.25
Kale Red Organic	14734.5800000001
Plain WM Yogurt 32oz BrC	14700.0299999998
Fennel Bulb Organic	14672.11
O.Mango Dried Unsweetened	14610.28
NUTS Cashew Pieces Raw Organic	14518.12
The Works Burrito 	14469.8899999998
Uncured Beef Hotdogs 12oz ThH	14437.9400000002
Pepper Hot	14403.16
Everyday Olive Oil 16.9oz CaO	14388.8399999998
Hummus Tahini 12oz HolyLand	14372.86
BULK	14322.32
Peach White Organic	14273.72
Uncured Bacon 12oz Lorentz	14265.1599999998
Unsalted Butter 16oz Hope	14236.19
APPLES 3#BagHaral/Hnycrsp Fire	14133.7799999999
Orchard Brie Turkey Baguette	14111.3
O.FT.Sugarplum Grape Tomato pk	14106.66
COFFEE Breakfast Blend O./EE	14013.59
Organic 2% Milk gallon OV	13910.8399999999
Pork Hot Italian Sausage	13884.94
Grass-Fed Beef Tenderloin	13810.82
Lettuce Romaine O.	13800.99
Garlic Pepper Bacon	13769.88
Pamplemousse Spk.Water 12pk La	13767.58
Salted Butter 16oz Sch	13758.64
Organic Medjool Dates	13746.48
ORANGES CaraCara Navel Organic	13737.94
DATES Medjool Organic	13692.79
Turkey Breast SkinlessBoneless	13646.12
O.Crimini Mushrooms 8oz pkg.	13627.7100000002
16JCE O.Green Gulp Large	13603.1999999999
ROUND Whole Seed Boule Organic	13568.9199999998
Hummus Tahini 8oz HolyLand	13490.1800000002
Australian 3-Year Cheddar 	13453.6099999999
BURRITOS Chicken Works	13448.0
DEPOSIT Crystal Ball Bottle 	13446.0
Uncured Regular Bacon	13219.3399999999
Rochdale Part-Skim Mozzarella	13096.06
3# Bag O.Carrots Driftless	13081.42
COFFEE French Roast/EE	13032.6
Brunkow Med.Yel.Cheddar Cheese	13027.0
1# Bag O.Peeled Baby Carrots	13012.03
NUTS Almonds Tamari 	12966.31
COFFEE French Roast O./Peace	12942.72
Squash Winter/Pie Pumpkin Org.	12936.79
CEREAL Granola Birchwood	12933.82
NUTS Pine Nuts Organic	12900.87
Bagel	12811.0
Roasted Salmon Fillet	12798.55
O.Coconut Oil 23oz Nutiva	12746.1299999999
Tuna Salad	12652.16
Chard Red/Pink Organic	12621.06
COFFEE Guatemalan Lt.O./Peace	12616.99
BAGUETTE White	12601.95
Mushroom Portabella Organic	12418.52
ORANGES Juice/Valencia Org.	12416.46
3# Bag O.Braeburn Apples	12409.3199999998
Parsnip Organic	12408.26
CITRUS Lime	12379.88
COFFEE BirchwoodBlend O./Peace	12363.53
Yam/Sweet Potato Organic	12353.97
O.Power Greens 5oz pkg	12303.2699999998
O.Shredded Mex.Blend 6oz OV	12262.1699999998
O.AppleCider Vinegar 32oz Brag	12172.71
Garlicky Hummus 8oz HolyLand	12141.0900000002
Greek-Style Feta Crumbles	12127.65
Everyday EVOliveOil 25.4oz CaO	12108.12
RICE White Basmati Organic	12039.09
Carrots Greentop/Rainbow Org.	12016.8099999997
Grapes Red	12009.43
COFFEE Decaf Dark O./Peace	12006.43
Nectarine White Organic	11994.46
O.Whole Milk 32oz OV	11945.9999999998
Raw Honey 23oz HA	11896.61
Genoa Salami 4oz Applegate	11876.1999999998
Yel.Tortilla Chips 16oz LB	11871.5399999999
Chicken Breasts Bone-In	11869.2
O.Raw Coconut Water 16oz HHar	11850.68
O.Whole Milk 128oz Kalona	11835.3999999999
Lamb Shoulder Chops 	11772.29
O.Heritage Flakes 32oz NP	11709.51
3# Bag O.Pink Lady Apples	11700.8499999999
O.Vanilla Ice Cream 48oz Ald	11679.0799999999
Parsley Curly Organic	11610.3999999998
Lorentz Boneless Ham	11573.86
Mango Champagne O.	11570.35
O.Panama X-DkChoc.Bar 3.5oz EE	11570.0299999999
Whole Wheat Bread 26oz Wed	11568.7600000001
Cut-Up Whole Chicken 	11557.14
16JCE O.Clays Concoction Large	11528.5899999999
4# Bag O.Navel Oranges	11500.5799999999
Smoked Turkey Breast Boneless	11494.92
Greek Salad/Balsam.Vinaigrette	11486.75
NUTS Brazil Organic	11481.05
Pineapple	11472.9300000001
COFFEE GuatemalanDark O./Peace	11461.85
O.Maple Syrup Grade A 16oz WC	11405.26
O.Blue Tortilla Chips 14oz WGM	11375.4899999998
O.Cranberry Kombucha 16oz GTs	11364.91
TOMATOES Cherry TomKing bulk	11363.41
Orange Juice 64oz Sch	11350.2000000001
5# Bag O.Yellow Potatoes	11346.6599999999
Pluot Organic	11326.47
CranPecan Salad/MapleMust.Vin.	11305.09
O.Grass-Fed Whole Milk 64oz OV	11301.5600000001
O.Spinach 8oz Harmony Valley	11297.0899999999
Chicken Sweet Italian Sausage	11295.3
Organic Coconut Dates	11278.61
Lamb Sausage	11277.15
Hand-Pulled Mozzarella	11263.89
O.MultiGreen Kombucha 16oz GTs	11261.2
ROUND White Sourdough Boule	11249.2499999998
NY-Style Nova Lox 4oz Spence	11248.3799999999
APPLES SweeTango (Whistling)	11230.24
Teriyaki Chicken	11180.85
PEARS Bosc Organic	11117.91
TSM16 EmeraldPineSmoothie 16oz	11091.7299999999
Ground Pork	11024.9
Beets Greentop Organic	10957.5499999998
O.Blueberries 6oz pkg.	10954.62
O.Cottage Cheese 16oz Kalona	10949.17
O.Original Kombucha 16oz GTs	10938.7
Chard Rainbow Organic	10899.68
Half & Half 32oz Sch	10886.5899999998
BAKING Choc.Chips Semisweet	10883.39
O.Whole Milk Glass 32oz CBF	10864.9099999999
Chuck Arm Roast	10822.65
APPLES Ambrosia Organic	10817.78
O.Green Peas 10oz Sno	10808.69
Ames Farm Honey Squeeze 16oz	10782.5200000001
O.Donnay Dairy Chevre	10775.05
O.Fresh Orange Juice Quart	10723.2999999999
Pork Tenderloin	10717.68
Beef Brisket	10703.59
APPLES Honeycrisp WA O.	10683.38
Bone-In Short Ribs	10644.09
16JCE Race Car Driver Large	10630.1799999999
Parmigiano Reggiano Cheese	10601.48
Fresh Italian Sandwich	10601.01
Summer Sausage 12oz ThH	10591.9500000001
COFFEE Midnight Sun O./EE	10559.37
NUTS Pistachios Raw Shelled	10554.14
Garden Fresh Focaccia Sandwich	10523.1
Coffee Hot Organic 12oz	10511.3099999998
F&C 2X Laundry Liq.100oz 7th	10501.3399999999
Pepper Bell Yellow Organic	10494.88
GRAIN Oats Rolled Thick Org.	10477.7
Onions White Organic	10473.52
O.White 8" Tortillas 16oz Stac"	10441.8299999998
BULK Protein Powder Whey	10396.7
2% Milk 64oz Sch	10347.16
SEEDS Chia Organic	10263.58
O.Unsweetened Soymilk 64oz Wil	10238.41
The Works Burrito Bowl	10235.1899999999
Millet Special Bread 16oz DelB	10230.9199999999
Lamb Loin Chops 	10206.3
EGGS Duck Free-Range 6ct	10197.2999999999
O.Unref.Coconut Oil 14oz Spec	10166.0699999999
O.Orig.Plain Yogurt 32oz SSF	10143.9000000001
O.Unswt.Coconut Milk 64oz SDel	10140.0999999998
Roast Turkey Breast 7oz Ap	10111.1199999999
Fresh Mozzarella 8oz Crave	10096.3399999998
Frozen Grass-Fed Femur Bones	10087.65
Enchilada Breakfast Bake	10067.5
Chicken Drumsticks	10066.63
Dandelion Greens Organic	10041.5799999999
Skim Milk 64oz Sch	10032.9499999999
O.Skim Milk 64oz OV	10030.58
O.Cranberries Dried FruitSweet	10018.58
O.Chicken Breakfast Links	10002.79
O.LF CottageCheese 16oz Kalona	9996.07
Handrolled Butter 16oz Roch	9987.06
TOMATOES Heirloom Organic	9962.61999999999
Pak Choi/Baby Bok Choy Organic	9929.77000000002
Medium Soup	9885.46
Peas Snap Organic	9872.72
Lake Trout	9871.34000000001
O.Prunes Pitted	9857.07000000001
Organic 1% Milk gallon OV	9850.17999999993
Smoked Turkey Breast 7oz Ap	9739.73999999985
Grass-Fed Flank Steak	9726.49
CROISSANT Plain	9711.96000000002
Lettuce Bibb Green/Red Organic	9659.15999999992
Pepper Bell Orange Organic	9643.41000000001
GRAIN Quinoa Red Organic	9629.14999999999
O.Heavy Whipping Cream 8oz OV	9600.0899999998
Organic 1% Milk 64oz OV	9592.22999999997
Plain Goat Milk Yogurt 32oz RH	9539.4999999999
SNACK Choc.CoconutChews Dark	9529.28
OBLONG Multigrain Batard	9521.53999999983
BULK Nutritional Yeast Flakes	9509.64
5# Bag O.Carrots	9503.7599999999
Sparkling Water 25.4oz Gerolst	9503.10000000002
Conventional Cored Pineapple	9479.41000000003
O.Blueberries 8oz CF	9440.51999999991
PRODUCE	9430.97999999997
O.Sour Cream 16oz OV	9409.62999999981
Sea Scallops	9407.78
O.Baby Arugula bagged	9405.54999999985
RICE Wild Organic	9402.44999999999
Gluten-Free Bread 24oz Wed	9325.11999999989
Grilled Chicken Breast	9316.32999999999
BURRITOS Carnitas & Salsa	9312.0
O.Guava Kombucha 16oz GTs	9297.98000000001
ORANGES Mandarin Satsuma Org.	9293.3
1% Milk 64oz Sch	9263.01000000006
Goat Milk 32oz Poplar Hill	9262.45999999992
Rochdale Smoked String Cheese	9260.16999999999
Co-op Potato Salad	9258.25000000001
Eggplant Organic	9251.43
BURRITOS Ropa Vieja-Style Beef	9200.0
Coffee Hot Organic 16oz	9174.32999999983
Asparagus	9145.05
4# Bag O.Valencia Oranges	9109.08999999987
CROISSANT Chocolate	9092.19999999996
Build-Own Meat/Tofu Sandwich	9091.61999999993
BURRITOS Deluxe Vegetarian	9086.0
Ground Chicken Thigh 	9070.46
O.Mango Kombucha 16oz GTs	9057.24000000001
Wedge Burger	9018.31000000001
Lime Spk.Water 12pk LaCroix	9001.30000000003
Lamb Leg Steak	8989.99000000001
Organic 2% Milk 32oz OV	8983.52999999987
SUPPLEMENTS	8957.93999999998
O.OJ w/Pulp 59oz UncMatt	8940.93999999999
Alm.&Salt DkChoc.Bar 3.2oz Chv	8936.74999999995
Organic Hummus	8926.71999999999
CocoYo Yogurt 16oz Tulas	8925.40999999998
O.Green Beans 12oz pkg	8910.3399999999
O.WW 8" Tortillas 16oz Stacey"	8909.6699999999
Walleye Fillet	8890.36
Grass-Fed NY Strip Steak 	8872.16999999999
O.Apricots Dried Unsulfured	8861.22000000001
Red Pepper Hummus 8oz HolyLand	8854.12999999982
Triple Berry Blend 48oz Wyman	8847.93000000003
Salty Dog Choc.Bar 3oz BTMc	8797.08999999995
Cupcake Assortment 4-pack	8793.35999999989
St.Louis Pork Ribs	8791.12
OBLONG French Batard	8789.92999999982
Flatiron Steak	8786.08000000001
Uncured Pepper Bacon 12oz Lor	8784.40999999988
CEREAL Granola Honey Gone Nuts	8764.04
RICE Brown Basmati Organic	8762.40000000001
Whole Milk 128oz Sch 	8746.13
O.Black Beans 15oz WB	8730.01999999994
Pitted Kalamata Olives	8725.61
2# Bag O.Baby Carrots	8723.63999999992
Thai Ginger Salmon	8694.02000000001
Root Turmeric Organic	8660.02999999997
Pork Chorizo Sausage	8653.49000000001
GRAIN Oats Rolled Organic	8648.41000000001
Scallions/Green or Red Organic	8638.58999999995
Co-op Red Quinoa Tabouli Salad	8628.94
2# Bag O.Rainbow Carrots	8627.36999999993
Pork Sausage Variety	8612.91
Sea Salt Nut Thins 4.25oz BD	8610.40999999997
O.Apple Juice 128oz FiD	8603.11999999994
BAGUETTE Mini	8562.14999999982
Apricots Dried Sulfured	8551.51000000002
Garrett Turkey Bacon	8538.48999999999
Tarragon Chicken Salad	8529.22999999999
Half & Half 16oz Schroeder	8527.28000000001
O.Arugula 4oz Harmony Valley	8526.23999999994
Co-op Beet Salad	8515.60000000001
Cranberry Quinoa	8510.10999999999
British Bacon	8509.64
Co-op Egg Salad	8508.49000000001
SWEETENER Sugar FT Organic	8505.99
NUTS Filberts(Hazelnuts)Raw O.	8472.91
Ames Farm Honey 2.9lb	8455.29999999994
Coconut Water 33.8oz C2O	8416.19999999998
SNACK Choc.Salt Caramels Dark	8403.65999999999
Milton Prairie Breeze Cheddar	8399.86
Deluxe Burrito	8367.0299999999
Wild Blueberries 15oz Wyman	8358.72
Brunkow Raw Mild White Cheddar	8356.95000000001
Cherry Rainier Organic	8347.37
2% Milk 128oz Sch	8331.14999999993
Plain Spk.Water 12pk LaCroix	8316.37000000003
Rst.Beet&Apple Salad w/Walnuts	8307.42000000001
SWEETENER Honey Raw/GardenFarm	8298.05
O.Cream Cheese 8oz OV	8280.72999999993
Red Curry Tofu	8277.11999999998
TSM16 Chartreuse Smoothie 16oz	8259.61999999992
Harvest WW Crackers 8.5oz BtN	8257.49000000004
O.EV Olive Oil 25.4oz Bion	8243.09999999994
O.WholeKernelCoconut Oil 14oz	8219.67999999991
SOFTSERVE Coconut Kids Portion	8218.55999999989
NUTS Peanuts Rstd.Salted Org.	8213.16
COFFEE TwinCitiesBlendO./Peace	8193.33999999999
Whole Milk 64oz Sch	8186.66999999997
Original Beef Sticks 5oz ThH	8175.64999999989
Organic Skim Milk gallon OV	8172.80999999995
Avocado Burrito	8159.87999999992
Wild Caught Shrimp	8158.7
PEARS Bartlett/Packham O.	8146.29
SNACK Popcorn Yellow Organic	8123.68
Rump Roast	8114.6
O.Baby Spring Mix bagged	8114.24999999984
COFFEE DriftlessMorningO./Kick	8086.84999999999
RICE White Jasmine Thai	8085.84
O.Sliced Peaches 10oz CF	8051.51999999997
1% Milk 128oz Sch 	8030.72000000001
COFFEE Love Buzz/EE	8024.14
NUTS Almonds Sliced	8009.68000000001
Kim Chi 32oz Yons	7996.64999999988
COFFEE Love Buzz O./EE	7968.14
Melitzana Dip 8oz Salonica	7945.29000000009
O.Sourdough Wheat Bread 25oz W	7938.62999999986
APPLES Jazz	7915.46000000001
O.Pumpkin 15oz FrmMkt	7867.10999999994
PEARS BartletRed/Starkrimsn O.	7836.54
O.Harvest Berries 10oz CF	7825.24999999997
Crispy Wheat Crackers 8oz BtN	7818.27000000004
O.EV Olive Oil 50.8oz Napa	7814.30999999996
DEPOSIT Castle Rock Bottle	7802.0
Sauerkraut 25oz Bub	7800.29999999997
12JCE O.Green Gulp Small	7781.18999999994
O.Chicken Broth 32oz Imag	7775.64000000006
Heavy Whipping Cream 16oz Sch	7750.50999999986
12JCE O.Clays Concoction Small	7728.58999999992
Hummus 8oz Foxy	7715.78999999993
BBEANS Black Organic	7708.13000000001
Pork Chops Boneless	7697.26999999999
O.Mangoes 10oz Wood	7665.54999999998
Bath Tissue Dbl.Roll 12ct FiD	7660.45999999992
O.Baby Kale 8oz Harmony Valley	7636.18999999992
O.Chicken Broth 32oz Pac	7629.50999999997
APPLES Cameo Organic	7623.15
COFFEE Driftless Dark O./Kicka	7604.37
Morel Mushrooms	7601.0
Sliced Bacon	7577.12999999991
COFFEE Sumatran Ital.O./Peace	7576.83999999998
O.Broccolette 8oz pkg.	7572.24000000003
Cello Grated Parmesan	7546.75999999999
ConcentratedOmega 120ct Wed	7544.92999999998
O.Ref.Coconut Oil 14oz Spec	7523.20999999992
O.LemCayenneProbioDrink 15.2oz	7518.89999999999
O.Raisins Flame Jumbo Organic	7512.81000000001
DANISH Cream Cheese	7512.24000000006
Original Almond Breeze 64oz BD	7507.09999999997
Supplement Deposit	7504.63
COFFEE Mind Body Soul O./EE	7500.4
ORANGES Mandarin Kishu O.	7496.48
Laughing Bird Fresh Shrimp	7477.11
Unbleach.Paper Towel Roll 7thG	7464.59999999984
CEREAL Granola No Oil Added	7464.51999999999
Wisconsin American Slices	7461.56
Robust EVOlive Oil 25.4oz Napa	7437.90999999993
O.White 8\ Tortillas 16oz Stac"	7417.40999999994
CEREAL Granola Goji Organic	7407.62
Shrimp	7404.94
Scallions Organic	7395.46999999998
Soy Tempeh 8oz Tantrum	7394.29999999991
Extra-Firm Tofu 12oz House	7392.94999999993
Eggplant Variety Organic	7391.95
O.Sourdough White Bread 25oz	7390.03999999987
APPLES Honeycrisp	7380.19
O.Coleslaw Mix 16oz	7377.50999999987
O.Seedling 4-pack -- GoE	7377.14999999999
CEREAL Granola Classic Organic	7366.92
O.Triple Berry Blend 32oz EBF	7324.74999999999
Chicken Livers	7316.83
BURRITOS Vegan Avocado	7302.0
O.Celery Hearts bagged	7299.32999999994
O.Roasted Tahini NSA 16oz EW	7290.50999999991
Handrolled Unsalt.Butter 16oz	7290.12000000004
O.Blueberries 4.4oz pkg	7278.96999999997
ORANGES Minneola Tangelo Org.	7265.86999999999
Fresh Flower Bouquet	7254.93999999995
Grass-Fed Stew Meat	7252.81999999999
Turkey Snack Sticks 4.8oz GV	7252.28999999992
Rack of Lamb	7241.85
O.Plain LF Kefir 32oz Na	7236.31999999999
GRAIN Oats Steelcut Organic	7225.38000000001
GF Brown Rice Thins 3.5oz Sm	7221.17999999995
Chicken Burrito	7212.86999999993
O.Mesa Sunrise Cereal 26.4oz	7210.12000000002
O.OJ w/Calcium 59oz UncMatt	7200.86999999996
Blk.Panther Choc.Bar 3oz ESp	7183.12999999997
O.Strawb/Flower 3.5" pot--GoE"	7151.11
O.Blueberries 32oz EBF	7151.07999999999
O.Plain WM Grk.Yogurt 32oz Wal	7141.17999999998
NUTS Almonds Sprouted	7120.68
Breakfast Burrito	7117.10999999991
O.Plain WM Yogurt 24oz Kalona	7102.78000000004
Blue Tortilla Chips 16oz GarE	7098.11999999992
Curry Chicken Salad	7062.31
Cod Liver Oil 16.9oz Carl	7054.07999999999
5# Box O.Satsumas/Clementines	7030.77999999998
SNACK Popcorn White Organic	7024.03
Chicken Sausage Variety	7007.7
NUTS Almonds Raw Slivered	7004.46
O.Roast Turkey 6oz Applegate	6989.99999999994
O.Raspberries 6oz Driscoll	6988.64999999996
Grass-Fed Diced Round	6982.55
Black Forest Ham 7oz Ap	6978.34999999991
SEEDS Sunflower Raw Organic	6977.64
5# Bag O.Carrots Driftless	6954.49999999997
O.Black Beans 15oz Eden	6949.54999999988
O.Pitted Deglet Noor Dates	6945.46
ORANGES Tang.Pixie/Gold Nug.O.	6944.35
CEREAL Granola Raspberry&Cream	6933.14999999999
Chicken Hot Italian Sausage	6931.37
HoneyStrawbGrk.Yogurt 24oz God	6928.33999999996
Pepper Bacon	6916.42000000001
TRAIL MIX Raw Organic	6915.95999999996
TRAIL MIX Classic Organic	6888.45
Red Hot Blues Chips 16oz GarE	6881.48999999992
Spicy Roll	6880.25
BBEANS Lentils Red Organic	6870.13000000001
CEREAL Granola GF BackRoads O.	6829.19
Blueb.Strawb.&Mango 48oz Wyman	6827.21999999998
Just Cranberry Juice 32oz Knu	6825.72999999995
Bok Choy Organic	6825.58
O.Pulp-Free OJ 59oz UncMatt	6818.80999999996
Fresh Rainbow Trout	6797.2
O.Dark Swt.Cherries 10oz Wood	6796.52999999997
TOMATOES Slicer Red/Yellow O.	6774.42
O.Guacamole 16oz Yucatan	6774.32999999997
Pork Chops Boneless Tray Pack	6772.56999999999
Udo Super-8 Probiotic 30ct Flo	6754.50999999997
California Roll	6753.14999999994
Eggless Tofu Salad	6743.14
Grass-Fed Sirloin Tip Steak 	6715.06999999999
SOFTSERVE Coconut Cone	6698.73999999992
SEEDS Hemp Shelled	6694.72000000001
O.Black Beans 25oz WB	6691.10999999997
Toilet Paper 12-pack GF	6682.07999999996
Cauliflower Local Organic	6676.44
Beef Stew Meat	6663.14
Sriracha Tofu Banh Mi	6661.37999999994
FreeClear Laundry Liq.100oz EF	6654.07999999995
Castelvetrano Olives	6643.90999999999
FLOUR Almond 	6618.69999999999
French Sheep Feta Cheese	6617.31
Jalapeno Hummus 8oz HolyLand	6613.54999999987
Raw Sauerkraut 32oz AnG	6581.91999999999
CEREAL Granola Molasses Almond	6571.9
NUTS Cashew Pieces Roasted NS	6569.37000000001
Salted Butter 16oz Pasture	6568.28999999997
Cucumber Hydro/Asian/Eng./Euro	6562.94000000004
O.Extra-Large Eggs 12ct Larry	6560.15
Falafel w/Yogurt Dip 6ct Foxy	6546.87999999992
Bone-in Porketta Roast	6538.28
Birchwood Granola 16oz	6533.45999999995
Breakfast Sausage 16oz Beel	6526.15999999993
O.Coconut Milk 13.66oz TK	6525.74999999996
AVOCADO Hass Big FT O.	6524.01
Brown Rice Tortillas 12oz FFL	6512.98999999995
Prosciutto 3oz LaQuercia	6511.43999999993
Swiss Valley Cream Cheese	6510.31
APPLES Honeycrisp (BH) O.	6506.08
O.Stoneground Crackers 6oz BtN	6497.60000000003
Sea Salt BoomChickaPop 5oz Ang	6491.33999999997
O.Blueberries 10oz Sno	6487.78999999994
Pepperoni Pizza 22.19oz Connie	6482.27999999993
BBEANS Chickpea/Garbanzo Org	6481.64000000001
O.Chicken Bone Broth 32oz Pac	6478.68999999999
NUTS Almonds Smokies Barsy	6473.99999999999
Coconut Water 33.8oz HarvBay	6468.45999999999
Turkey Pesto Melt Panini	6461.90999999993
O.Strawberry Kombucha 16oz GTs	6461.35000000003
Plain Greek Yogurt 17.6oz Fage	6458.49999999997
New York Strip Steak 	6452.41
O.WM Bulgarian Yogurt 32oz WMt	6444.77999999994
SMT12 Chartreuse Smoothie 12oz	6424.81999999994
ROUND Cranberry Walnut Bread	6415.61999999994
Large Soup	6408.83
Sage Rosemary Chicken	6408.36999999999
DANISH Custard Danish	6393.54000000005
Irish Dubliner Cheddar	6369.04
Vanilla WM Yogurt 32oz BrC	6366.13999999991
Pomegranate Organic	6361.26999999997
Smoked Lake Trout	6357.15000000001
COFFEE Driftless Morning/Kicka	6352.99
5# Bag O.Red Potatoes Local	6336.41999999994
O.Van.WM Greek Yogurt 32oz Wal	6297.19999999999
Omega-3 Formula 180ct Nordic	6289.29999999998
Galette	6281.67000000005
O.Extra-Firm Tofu 12oz House	6274.50999999995
Indian Lentils &Veg./Brn.Rice	6271.22
Coconut Juice 17.5oz A&B	6265.80999999994
O.Wedge Coffee 12oz Kick	6244.55999999994
Locally Grown Bouquet	6224.38999999997
CEREAL Granola Triple Berry O.	6219.59
Boneless Short Ribs	6217.0
Cello Grated Pecorino Romano	6214.72
Ballpark Franks 16oz ThH	6206.55999999998
O.Figs Dried Turkish White	6204.2
NUTS Peanuts Rstd.No Salt Org.	6197.48
O.Plain NF Grk.Yogurt 32oz Wal	6193.63999999999
O.Plain LF Grk.Yogurt 32oz Wal	6185.87
O.Sugarplum Grape Tomato pk	6178.39999999996
Tulips	6169.74999999996
Pork Rib Chops	6156.61
Co-op RedQuinoa Asiago Edamame	6146.01
BURRITOS Breakfast	6144.0
Chicken Spinach Feta Sausage	6132.75
O.Sprtd.Corn Tortilla 10oz FFL	6130.25999999997
O.Smoked Turkey Breast 6oz Ap	6123.23999999993
O.Whole Milk 64oz CR	6122.56000000003
Unsweetened Flax Milk 64oz GKa	6122.40999999994
O.EV Olive Oil 17oz Bion	6119.22999999995
RICE White Long Organic	6115.63000000001
Cheese Pizza 20.86oz Connies	6111.81999999996
RICE Brown Short Organic	6099.72
CEREAL Muesli Swiss-Style Org.	6096.72
DRIED Cranberries Sweetened	6095.27
GF Almond Meal/Flour 16oz BRM	6088.15000000001
O.Sweet Corn 10oz Sno	6086.64000000004
NUTS Cashews Curry Roasted O.	6077.91999999999
Garbanzo Stew over Brown Rice	6071.26
O.Herb Salad bagged	6065.61999999989
Artesian Spring Water 128oz Bu	6065.40999999999
NUTS Cashew Pieces Rstd.Salted	6061.66000000001
Walnut Loaf	6052.39
O.Grass-Fed 2% Milk 64oz OV	6050.08999999997
2# Bag O.Carrots Featherstone	6045.04999999997
Whole Blueberries 10oz Stahl	6040.74999999995
CROISSANT Ham & Cheddar	6033.67999999996
O.Baby Kale 5oz pkg	6031.96999999995
BHL Charcoal Lump 8.8# Wood	6031.92999999994
SMT12 EmeraldPineSmoothie 12oz	6021.00999999994
O.Mint Dk.Choc.Bar 3.5oz EE	6017.15999999996
O.Chopped Romaine bagged	6016.75999999991
O.Brown Rice Cakes 8.5oz Lund	6012.52999999997
O.SuperFirm Tofu 10oz Wil	6006.07000000003
Vegan Nut Pate Sandwich	6001.52
CEREAL Granola Classic WF Org.	6000.38
EllsworthValley Monterey Jack	5978.22000000001
SWEETENER Maple Syrup A Org.	5969.6
Brunkow Pepper Jack Cheese	5969.28999999998
PEARS Abate Fetel Organic	5964.95
TRAIL MIX Criss Cross	5947.57
Sartori Parmesan	5940.38
Lemon Spk.Water 12pk LaCroix	5933.07000000001
Cherries Dried	5929.58000000001
SNACK Fig Bars Honey WW	5926.07
Mt.Sterling Raw Mild Cheddar	5909.86999999999
SWTB Monkey Bread	5905.85999999995
O.Raspberries 10oz CF	5899.38999999998
GF Three Cheese Pizza 24oz 	5899.07999999996
Tray Pack Pork Rib Chops	5880.72
O.Original Soymilk 64oz Wil	5878.93999999996
F&C Auto Dish Powder 75oz 7thG	5875.72999999994
Tzatziki Dip 8oz Salonica	5869.28999999989
MegaFlora 90ct Mega	5868.79999999999
O.Diced Tomatoes 28oz MG	5868.06999999997
DELI	5867.41999999997
O.Rainbow Baby Carrots 12oz	5866.52999999994
Burgers Florentine	5862.88000000001
BHL Litter Swheat Scoop 14#	5862.77999999998
EGGS Larrys Org.Dozen Jumbo	5860.82999999992
Pineapple Organic	5860.56
O.Very Dk.Choc.Bar 3.5oz EE	5858.62999999997
Creamy Peanut Butter 16oz EBa	5848.53999999992
Peppercorns Black FT Organic	5838.35999999998
Conventional Pineapple Chunks	5833.4
Turkey Loaf 	5832.1
O.LS Chicken Broth 32oz Imag	5827.08000000004
APPLES Kiku	5818.38
O.Plain WM Yogurt 32oz Na	5816.54999999996
FLOUR White All-Purpose Org	5806.84
PERSONAL CARE	5793.79999999999
T/P Pork Bnls Chops Thin-Cut	5791.61
Seasonal Kombucha 16oz Ness	5786.70999999997
O.Emerald Sesame Kale	5781.08999999999
Maple WM Yogurt 32oz BrC	5780.56999999992
BAKING Coconut Shredded Org.	5776.19999999999
O.Pizza Crust 11.4oz Wed	5772.7299999999
O.Spelt Tortillas 12oz Rudi	5771.4
Orig.Tortilla Strips 8oz GMG	5757.38999999998
O.Refined Canola Oil 32oz Spec	5755.48999999996
CITRUS Lemon Meyer Organic	5733.08999999999
O.WW 8\ Tortillas 16oz Stacey"	5721.65999999996
O.Stadium Hotdogs 16oz Ap	5717.41999999995
1# Bag O.Carrots	5709.92999999996
Sliced Pepperoni 5oz GV	5708.46999999993
Euc/Lav2X LaundryLiq.100oz 7th	5704.23999999995
Kosher Dill Pickles 33oz Bub 	5688.82999999993
CEREAL Granola GingBootstrapGF	5671.13
O.Love Buzz Coffee 12oz EE	5669.02999999997
Tempeh Tarragon	5660.93
FROZEN	5659.85
HH Laundry Liquid RTE	5651.77
O.Grape Tomatoes pkg.	5643.82999999995
Theralac Probiotic 30ct	5633.07
Chicken Bratwurst	5629.86
GF 7-Grain Bread 18oz CBa	5615.96000000001
Chicken Tray-Pack Drumsticks	5614.73000000001
Blueberries pint pkg	5609.76999999992
Turkey Thighs	5593.09
BFST Bacon Egg & Cheddar Roll	5593.0
POTATOES Blue/Purple Organic	5586.70000000001
Skim Milk 128oz Sch 	5562.69999999997
Apricot Organic	5554.24
PEARS Bartlett Red Organic	5527.14
O.LS Chicken Broth 32oz Pac	5524.72999999997
GRAIN Quinoa Organic FT	5518.38000000001
O.Milk&Honey White Bread 24oz	5516.55999999992
5# Bag O.Texas Grapefruit	5515.94999999999
Dun Laoghaire Bar Soap 6oz	5514.26999999996
O.AppleCider Vinegar 16oz Brag	5512.54000000001
Plain FF GreekYogurt 24oz Gods	5503.06999999998
COFFEE Revolution Roast O./JC	5502.04999999999
O.Green Peas 80oz Sno	5497.77999999995
Swiss Valley Swiss Cheese	5491.69
O.Apple Cider 50oz Hoch	5484.69999999996
Owl Dark Choc.Bar 3oz ESp	5482.84999999998
O.Figs Dried Black Mission 	5474.58
O.85% Dk.Choc.Bar 3.5oz G&B	5466.89999999996
O.Plain WM Yogurt 32oz Stony	5458.04999999998
O.Plain WM Yogurt 64oz Na	5453.51999999997
O.Pasture Butter 8oz OV	5447.45999999993
Calabro Ricotta	5437.22
LowMerc.Albacore Tuna NSA 5oz	5431.17000000001
Pork Loin Chops	5423.57
APPLES Breezy Hill O.	5423.56
Dill Fresh Organic	5401.25000000001
O.Heavy Cream 16oz CR	5393.51000000001
Plain Goat Milk Kefir 32oz RHF	5392.05999999997
SALADS Chicken Cobb	5390.0
O.Maple Syrup Grade A 8oz WC	5387.30999999998
Cashew Chicken Salad	5365.19
Blueberries 80oz Stahl	5360.37999999998
OBLONG Old World Rye Bread	5357.94999999994
Arugula Bulk Organic	5350.07
St.Paul Sourdough Bread 44oz	5344.28999999994
Rst.Veg.Quesadilla/WW Tortilla	5343.52
Bison Sausage	5339.96
Sartori Sarvecchio Parmesan	5339.18999999999
O.Wheat Eng.Muffins 12oz Rudi	5334.97000000004
Vegan Basil Walnut Pesto	5332.54
Salted Tort.Chips 14oz Donkey	5322.87000000001
Chunk Lt.Tongol Tuna NSA 5oz	5319.77999999998
EllsworthValley Smoked Cheddar	5312.27
Traditional Basil Pesto	5310.98
SugarFree Dry Rub Bacon 8oz GV	5307.13999999995
COFFEE Espresso Blend O./Peace	5300.37999999999
3# Bag O.Fuji Apples	5298.00999999996
Vegan Peanut Butter Ball	5293.02999999994
O.Sliced Mild Cheddar 6oz Rumi	5288.34999999994
Salmon Salad	5265.02
Vitamin D3 2000IU 240ct Wed	5255.56999999997
COFFEE Decaf Dark/Peace	5249.17
O.Ghee 13oz PF	5243.92999999997
Extra Ginger Brew 4pk Reeds	5242.87
O.LF Cottage Cheese 16oz OV	5242.66999999995
O.Pure CranberryJuice 32oz Lak	5221.98999999999
Bison Summer Sausage	5214.61
ORANGES Tangerine TDE Org.	5213.99
O.Whole Strawberries 10oz Sno	5211.77
O.White Mushrooms 8oz pkg.	5204.0399999999
Smoked Wild Coho Salmon	5197.17
Kale Salad	5196.83999999999
Coffee Hot Organic 8oz	5192.14999999992
ND Mozzarella Shreds 8oz Daiya	5177.68999999999
Vanilla Almond Breeze 64oz BD	5170.30999999999
HOT TODDY LemonGinger Org.16oz	5165.48999999995
COFFEE French Roast/Peace	5159.27
O.Unbleachd White Flour 5# BRM	5152.50999999995
Grass-Fed Top Round Steak	5148.93
SNACK Chocolate PB Cups	5131.2
Delhi Saag w/Tofu over Rice	5126.92
O.Grapefruit Juice 59oz UncMat	5115.28999999998
Chicken CatFood 5.5oz Well	5107.21999999998
High-Fat Butter 16oz Hope	5102.57999999998
O.Herb Seedling 3.25" pot--GoE"	5100.93999999999
Omega-3 Liquid 16oz Nordic	5091.75999999999
Peach Pear Spk.Water 12pk LaCr	5085.62000000001
2% Greek Yogurt 35.3oz Fage	5081.95999999998
LowMerc.Albacore Tuna 5oz WPla	5080.41000000002
AranciataRossa Soda 6pk can SP	5078.05999999995
O.Citrus Kombucha 16oz GTs	5074.29000000001
PEARS Bartlett Grn/Packham O.	5070.24
RedBarn Heritage White Cheddar	5067.87
Bison Sirloin Tip	5064.1
F&C 4X Laundry Liq.50oz 7thG	5060.98999999996
Toilet Paper 4-pack GF	5060.09999999992
Peanut Dream Smoothie 16oz	5057.48999999997
CROISSANT Almond	5054.50999999999
Cut-Up Whole Chicken Tray-Pack	5048.19
Grapes Black Organic	5037.14
ND Cheddar Shreds 8oz Daiya	5035.08000000001
Garlic Local Red Organic	5026.0
Mung Bean Sprouts 8oz pkg.	5024.74999999988
O.Evap.Cane Sugar 32oz WSw	5022.52
TSM16 BlueVelvet Smoothie 16oz	5022.08999999997
Brunkow Colby Jack	5019.18
Cherries Dark Red Wisconsin	5018.83
O.Red Cherry Tomatoes pkg	5017.92999999998
Peas Snow Organic	5010.61
Ciliegine Mozzarella 8oz Crave	5009.87999999994
O.Raw Coconut Aminos 8oz CoS	5000.15999999997
O.Buttermilk 32oz OV	4999.31999999999
Grapes Red Globe Organic	4994.52
Red Raspberries 10oz Stahl	4992.83999999997
Ground Chicken Breast	4981.76
SNACK Chocolate Ginger	4980.51000000001
Organic 1% Milk 32oz OV	4979.18999999994
Grass-Fed Stir-Fry Beef	4975.67
O.Blackberries 6oz pkg.	4974.74999999997
Lemon Artichoke Chicken	4971.11
BBEANS Lentils Green Organic	4969.63
GRAIN Oats Quick Organic	4965.39000000001
Lemongrass Kombucha 16oz Ness	4959.55999999997
O.Butter Stick 4oz OV	4957.99000000003
3# Bag Mandarins	4955.19
Top Sirloin Steak	4954.34
O.Garbanzo Beans 15oz Eden	4953.05999999993
BBOWL ChickenWorks BurritoBowl	4944.0
SEEDS Pumpkin Spicy Tamari Org	4932.14999999999
O.Raisin Bran Cereal 12oz CF	4931.41999999995
Raw Probiotic for Men 90ct GoL	4930.93999999999
O.Eggnog 32oz OV	4928.78999999999
Deli Bakery Item	4927.82999999997
NUTS Pistachios Raw Shelled O.	4926.73999999999
O.Italian Salad bagged	4920.89999999996
COFFEE Guatemalan Dark/Peace	4915.38
Theracurmin 60ct NatF	4914.71999999998
O.Cut Spinach 10oz Sno	4906.85000000002
O.Shredded Mozzarella 6oz OV	4905.66999999995
O.Strawberries 10oz CF	4898.00999999999
Unbleached White Flour 5lb KA	4893.18999999994
O.Spr.7-Grain Eng.Muffins 16oz	4888.53999999998
MapleChkn.Bkfst.Sausage 7oz Ap	4885.42000000001
CEREAL Granola Vanilla Almond	4885.32
O.Seedling 2.5" pot -- GoE"	4882.56
O.Lem.Ging.ProbioDrink 15.2oz	4880.96999999998
Brie Ermitage	4876.73999999998
FLOUR Gold & White Organic	4871.21
Asiatic/Stargazer Local Lilies	4866.60999999996
Women Over40 1-Daily 90ct Mega	4860.99999999999
Yel.Tortilla Chips 16oz GarE	4855.41999999994
Small Soup	4854.52999999999
Day-Old Bakery	4851.0
Just Pomegranate Juice 32oz Kn	4848.40999999997
O.Honey WW Bread 22oz Rudi	4842.8
Cheddar Pirate Booty 4oz	4841.83999999994
BAKING Choc.Chips Btterswt.O. 	4836.65000000001
Pepper Bell/Frying TomatoKing 	4836.49
F&C Dish Liquid 25oz 7thG	4828.25999999994
O.Mojita ProbioDrink 15.2oz Ke	4823.95999999998
Chao Vegan Slices 7oz Field	4823.83999999997
Apricot Spark.Water 12pk LaC	4823.16000000001
RICE White Sushi Organic	4818.09
Fish Oil 16.9oz Carlson	4813.96999999999
PANINI Turkey & Brie	4808.0
O.EV Olive Oil 750ml LE	4805.15999999999
O.Gingerale Kombucha 12oz ShkT	4800.35999999998
Liquid Aminos 32oz Bragg	4799.96999999999
3# Bag Clementines	4799.30000000001
O.Unswt.Orig.Alm.Milk 32oz Pac	4798.04999999996
Blasers Red Rind Muenster	4795.42999999999
O.Blueberry Pom.Juice 32oz Knu	4789.34
O.TartCherryKombucha 12oz ShkT	4788.85999999999
Uncured Beef Hotdogs 12oz Ap	4780.01999999994
St.Paul Sourdough Round Bread 	4779.18999999997
O.Wild Blueberries 10oz Wood	4778.38999999998
Udon Noodle Salad w/Tofu	4777.96999999999
GF Vanilla Mini Eclair	4768.04999999995
Rochdale O.Sharp Cheddar	4762.83
Lamb Shanks 	4761.16
O.Raw Coconut Water 8oz HHar	4760.07999999994
BHL Cat Food Premium 8# PG	4751.15999999999
O.Lactose-Free 1% Milk 64oz OV	4740.21000000001
Smoked Whitefish	4739.1
O.Ecuador Dk.Choc.Bar 3.5oz EE	4736.58999999998
COFFEE Midnight Sun/EE	4731.36
Co-op Tri-Potato Salad	4727.05
COFFEE Revolution Roast/JC	4715.04
O.Applesauce 23oz SC 	4713.77999999995
Mt.Sterling Goat Mozzarella	4708.05
Coop Mexican Salad	4707.27
GF Sesame Rice Thins 4.25oz Sm	4705.54999999997
O.Plain NF Yogurt 32oz Na	4703.89999999998
O.Cut Green Beans 10oz Sno	4701.29000000001
Ultimate Omega 120ct Nordic	4700.87999999999
EGGS Larrys Org.Dozen Large	4689.55999999996
Blooming Plant	4689.28999999997
Raw Kim Chi 16oz AnG	4688.34999999999
O.Plain Lact.Free Kefir 32oz	4686.51999999999
HH Dish Liquid RTE	4685.57999999999
Alpha Omega Salad	4684.95
DATES Coconut Roll Organic	4684.14
TRAIL MIX Roasted	4681.75
